discount_percent,Total_Revenue,Total_Orders,Average_Revenue
0,16217211.75,527,30772.69781783681
5,4665914.853999999,174,26815.602609195397
10,6326917.956,239,26472.46006694561
15,3121528.4825,126,24774.035575396825
20,1788883.992,89,20099.82013483146
25,699108.0675,42,16645.430178571427
30,469225.673,26,18047.14126923077
