sales_channel,Total_Revenue,Total_Orders,Average_Order_Value
Website,14007551.5365,580,24150.950924999997
Mobile App,11709223.9445,394,29718.842498730963
Marketplace,7572015.294,249,30409.699975903615
