product_name,Revenue
Earbuds,3248284.4655
Monitor,2686279.9660000005
Smartphone,2664396.6975
Bluetooth Speaker,2079634.284
Smartwatch,1590958.5019999999
Sofa Chair,1234506.0450000002
Ceiling Fan,1203341.982
Electric Kettle,1162928.1800000002
Printer,1141731.4325
Microwave Oven,1138471.1415
